eid,season,week,Home,Away,HomeScore,AwayScore,Day,Time,Favorite,Underdog,Spread
2014090400,2014,1,SEA,GB,36,16,Thu,8:30,SEA,GB,-5
2014090700,2014,1,ATL,NO,37,34,Sun,1:00,NO,ATL,-3
2014090701,2014,1,BAL,CIN,16,23,Sun,1:00,BAL,CIN,-1
2014090702,2014,1,CHI,BUF,20,23,Sun,1:00,CHI,BUF,-7
2014090703,2014,1,HOU,WAS,17,6,Sun,1:00,HOU,WAS,-3
2014090704,2014,1,KC,TEN,10,26,Sun,1:00,KC,TEN,-3
2014090705,2014,1,MIA,NE,33,20,Sun,1:00,NE,MIA,-4
2014090706,2014,1,NYJ,OAK,19,14,Sun,1:00,NYJ,OAK,-6.5
2014090707,2014,1,PHI,JAC,34,17,Sun,1:00,PHI,JAC,-10
2014090708,2014,1,PIT,CLE,30,27,Sun,1:00,PIT,CLE,-6
2014090709,2014,1,STL,MIN,6,34,Sun,1:00,STL,MIN,-3
2014090710,2014,1,DAL,SF,17,28,Sun,4:25,SF,DAL,-3.5
2014090711,2014,1,TB,CAR,14,20,Sun,4:25,TB,CAR,-4.5
2014090712,2014,1,DEN,IND,31,24,Sun,8:30,DEN,IND,-8.5
2014090800,2014,1,DET,NYG,35,14,Mon,7:10,DET,NYG,-6.5
2014090801,2014,1,ARI,SD,18,17,Mon,10:20,ARI,SD,-3
2014091100,2014,2,BAL,PIT,26,6,Thu,8:25,BAL,PIT,-2.5
2014091400,2014,2,BUF,MIA,29,10,Sun,1:00,BUF,MIA,-1
2014091401,2014,2,CAR,DET,24,7,Sun,1:00,CAR,DET,-1.5
2014091402,2014,2,CIN,ATL,24,10,Sun,1:00,CIN,ATL,-5.5
2014091403,2014,2,CLE,NO,26,24,Sun,1:00,NO,CLE,-6
2014091404,2014,2,MIN,NE,7,30,Sun,1:00,NE,MIN,-3
2014091405,2014,2,NYG,ARI,14,25,Sun,1:00,NYG,ARI,-2
2014091406,2014,2,TEN,DAL,10,26,Sun,1:00,TEN,DAL,-3.5
2014091407,2014,2,WAS,JAC,41,10,Sun,1:00,WAS,JAC,-5
2014091408,2014,2,SD,SEA,30,21,Sun,4:05,SEA,SD,-5
2014091409,2014,2,TB,STL,17,19,Sun,4:05,TB,STL,-4.5
2014091410,2014,2,DEN,KC,24,17,Sun,4:25,DEN,KC,-13
2014091411,2014,2,GB,NYJ,31,24,Sun,4:25,GB,NYJ,-7.5
2014091412,2014,2,OAK,HOU,14,30,Sun,4:25,HOU,OAK,-3
2014091413,2014,2,SF,CHI,20,28,Sun,8:30,SF,CHI,-7
2014091500,2014,2,IND,PHI,27,30,Mon,8:30,IND,PHI,-3
2014091800,2014,3,ATL,TB,56,14,Thu,8:25,ATL,TB,-6.5
2014092100,2014,3,BUF,SD,10,22,Sun,1:00,BUF,SD,-2.5
2014092101,2014,3,CIN,TEN,33,7,Sun,1:00,CIN,TEN,-6.5
2014092102,2014,3,CLE,BAL,21,23,Sun,1:00,BAL,CLE,-1.5
2014092103,2014,3,DET,GB,19,7,Sun,1:00,DET,GB,-1.5
2014092104,2014,3,JAC,IND,17,44,Sun,1:00,IND,JAC,-6.5
2014092105,2014,3,NE,OAK,16,9,Sun,1:00,NE,OAK,-14
2014092106,2014,3,NO,MIN,20,9,Sun,1:00,NO,MIN,-10
2014092107,2014,3,NYG,HOU,30,17,Sun,1:00,NYG,HOU,-1
2014092108,2014,3,PHI,WAS,37,34,Sun,1:00,PHI,WAS,-4
2014092109,2014,3,STL,DAL,31,34,Sun,1:00,STL,DAL,-2
2014092110,2014,3,ARI,SF,23,14,Sun,4:05,SF,ARI,-3
2014092111,2014,3,MIA,KC,15,34,Sun,4:25,MIA,KC,-5.5
2014092112,2014,3,SEA,DEN,26,20,Sun,4:25,SEA,DEN,-4.5
2014092113,2014,3,CAR,PIT,19,37,Sun,8:30,CAR,PIT,-3
2014092200,2014,3,NYJ,CHI,19,27,Mon,8:30,NYJ,CHI,-1.5
2014092500,2014,4,WAS,NYG,14,45,Thu,8:25,WAS,NYG,-3
2014092801,2014,4,CHI,GB,17,38,Sun,1:00,GB,CHI,-2
2014092802,2014,4,HOU,BUF,23,17,Sun,1:00,HOU,Buffalo,-3
2014092803,2014,4,IND,TEN,41,17,Sun,1:00,IND,TEN,-7.5
2014092800,2014,4,BAL,CAR,38,10,Sun,1:00,BAL,CAR,-3
2014092805,2014,4,NYJ,DET,17,24,Sun,1:00,NYJ,DET,-1.5
2014092806,2014,4,OAK,MIA,14,38,Sun,1:00,MIA,OAK,-4
2014092807,2014,4,PIT,TB,24,27,Sun,1:00,PIT,TB,-7.5
2014092808,2014,4,SD,JAC,33,14,Sun,4:05,SD,JAC,-12
2014092804,2014,4,MIN,ATL,41,28,Sun,4:25,MIN,ATL,-6
2014092809,2014,4,SF,PHI,26,21,Sun,4:25,SF,PHI,-4
2014092810,2014,4,DAL,NO,38,17,Sun,8:30,DAL,NO,-3
2014092900,2014,4,KC,NE,41,14,Mon,8:30,NE,KC,-3
2014100200,2014,5,GB,MIN,42,10,Thu,8:25,GB,MIN,-9.5
2014100500,2014,5,CAR,CHI,31,24,Sun,1:00,CAR,CHI,-1.5
2014100501,2014,5,DAL,HOU,20,17,Sun,1:00,DAL,HOU,-5.5
2014100502,2014,5,DET,BUF,14,17,Sun,1:00,DET,BUF,-5
2014100503,2014,5,IND,BAL,20,13,Sun,1:00,IND,BAL,-3
2014100504,2014,5,JAC,PIT,9,17,Sun,1:00,PIT,JAC,-6
2014100505,2014,5,NO,TB,37,31,Sun,1:00,NO,TB,-11
2014100506,2014,5,NYG,ATL,30,20,Sun,1:00,NYG,ATL,-4
2014100507,2014,5,PHI,STL,34,28,Sun,1:00,PHI,STL,-4
2014100508,2014,5,TEN,CLE,28,29,Sun,1:00,CLE,TEN,-1
2014100509,2014,5,DEN,ARI,41,20,Sun,4:05,DEN,ARI,-8.5
2014100510,2014,5,SD,NYJ,31,0,Sun,4:25,SD,NYJ,-7
2014100511,2014,5,SF,KC,22,17,Sun,4:25,SF,KC,-5
2014100512,2014,5,NE,CIN,43,17,Sun,8:30,CIN,NE,-2.5
2014100600,2014,5,WAS,SEA,17,27,Mon,8:30,SEA,WAS,-7
2014100900,2014,6,HOU,IND,28,33,Thu,8:25,IND,HOU,-2.5
2014101201,2014,6,BUF,NE,22,37,Sun,1:00,BUF,NE,0
2014101202,2014,6,CIN,CAR,37,37,Sun,1:00,CIN,CAR,-7
2014101203,2014,6,CLE,PIT,31,10,Sun,1:00,CLE,PIT,-2
2014101204,2014,6,MIA,GB,24,27,Sun,1:00,GB,MIA,-2
2014101205,2014,6,MIN,DET,3,17,Sun,1:00,MIN,DET,-1.5
2014101206,2014,6,NYJ,DEN,17,31,Sun,1:00,DEN,NYJ,-10
2014101207,2014,6,TB,BAL,17,48,Sun,1:00,BAL,TB,-3.5
2014101208,2014,6,TEN,JAC,16,14,Sun,1:00,TEN,JAC,-4
2014101209,2014,6,OAK,SD,28,31,Sun,4:05,SD,OAK,-7.5
2014101200,2014,6,ATL,CHI,13,27,Sun,4:25,ATL,CHI,-3.5
2014101210,2014,6,ARI,WAS,30,20,Sun,4:25,ARI,WAS,-5.5
2014101211,2014,6,SEA,DAL,23,30,Sun,4:25,SEA,DAL,-9.5
2014101212,2014,6,PHI,NYG,27,0,Sun,8:30,PHI,NYG,-1.5
2014101300,2014,6,STL,SF,17,31,Mon,8:30,SF,STL,-3.5
2014101600,2014,7,NE,NYJ,27,25,Thu,8:25,NE,NYJ,-9.5
2014101900,2014,7,BAL,ATL,29,7,Sun,1:00,BAL,ATL,-7
2014101901,2014,7,BUF,MIN,17,16,Sun,1:00,BUF,MIN,-6.5
2014101902,2014,7,CHI,MIA,14,27,Sun,1:00,CHI,MIA,-3
2014101903,2014,7,DET,NO,24,23,Sun,1:00,DET,NO,-1.5
2014101904,2014,7,GB,CAR,38,17,Sun,1:00,GB,CAR,-6.5
2014101905,2014,7,IND,CIN,27,0,Sun,1:00,IND,CIN,-3.5
2014101906,2014,7,JAC,CLE,24,6,Sun,1:00,CLE,JAC,-4.5
2014101907,2014,7,STL,SEA,28,26,Sun,1:00,SEA,STL,-6.5
2014101908,2014,7,WAS,TEN,19,17,Sun,1:00,WAS,TEN,-6
2014101909,2014,7,SD,KC,20,23,Sun,4:05,SD,KC,-3
2014101910,2014,7,DAL,NYG,31,21,Sun,4:25,DAL,NYG,-5.5
2014101911,2014,7,OAK,ARI,13,24,Sun,4:25,ARI,OAK,-3.5
2014101912,2014,7,DEN,SF,42,17,Sun,8:30,DEN,SF,-6.5
2014102000,2014,7,PIT,HOU,30,23,Mon,8:30,PIT,HOU,-3
2014102300,2014,8,DEN,SD,35,21,Thu,8:25,DEN,SD,-9
2014102600,2014,8,ATL,DET,21,22,Sun,9:30,DET,ATL,-3.5
2014102607,2014,8,TB,MIN,13,19,Sun,1:00,TB,MIN,-1.5
2014102608,2014,8,TEN,HOU,16,30,Sun,1:00,HOU,TEN,-3.5
2014102601,2014,8,CAR,SEA,9,13,Sun,1:00,SEA,CAR,-6
2014102602,2014,8,CIN,BAL,27,24,Sun,1:00,BAL,CIN,-3
2014102603,2014,8,JAC,MIA,13,27,Sun,1:00,MIA,JAC,-6.5
2014102604,2014,8,KC,STL,34,7,Sun,1:00,KC,STL,-7
2014102605,2014,8,NE,CHI,51,23,Sun,1:00,NE,CHI,-6
2014102606,2014,8,NYJ,BUF,23,43,Sun,1:00,NYJ,BUF,-3
2014102609,2014,8,ARI,PHI,24,20,Sun,4:05,PHI,ARI,-1
2014102610,2014,8,CLE,OAK,23,13,Sun,4:25,CLE,OAK,-6.5
2014102611,2014,8,PIT,IND,51,34,Sun,4:25,IND,PIT,-4.5
2014102612,2014,8,NO,GB,44,23,Sun,8:30,NO,GB,-2
2014102700,2014,8,DAL,WAS,17,20,Mon,8:30,DAL,WAS,-9.5
2014103000,2014,9,CAR,NO,10,28,Thu,8:25,NO,CAR,-3
2014110201,2014,9,CLE,TB,22,17,Sun,1:00,CLE,TB,-7
2014110202,2014,9,DAL,ARI,17,28,Sun,1:00,DAL,ARI,-1.5
2014110203,2014,9,HOU,PHI,21,31,Sun,1:00,PHI,HOU,-2
2014110204,2014,9,KC,NYJ,24,10,Sun,1:00,KC,NYJ,-8.5
2014110200,2014,9,CIN,JAC,33,23,Sun,1:00,CIN,JAC,-10
2014110205,2014,9,MIA,SD,37,0,Sun,1:00,MIA,SD,-2.5
2014110206,2014,9,MIN,WAS,29,26,Sun,1:00,MIN,WAS,0
2014110207,2014,9,SF,STL,10,13,Sun,4:05,SF,STL,-10.5
2014110208,2014,9,NE,DEN,43,21,Sun,4:25,DEN,NE,-3
2014110209,2014,9,SEA,OAK,30,24,Sun,4:25,SEA,OAK,-13.5
2014110210,2014,9,PIT,BAL,43,23,Sun,8:30,PIT,BAL,-2
2014110300,2014,9,NYG,IND,24,40,Mon,8:30,IND,NYG,-3
2014110600,2014,10,CIN,CLE,3,24,Thu,8:25,CIN,CLE,-6.5
2014110901,2014,10,BUF,KC,13,17,Sun,1:00,BUF,KC,-1.5
2014110902,2014,10,DET,MIA,20,16,Sun,1:00,DET,MIA,-3
2014110903,2014,10,JAC,DAL,17,31,Sun,1:00,DAL,JAC,-7.5
2014110904,2014,10,NO,SF,24,27,Sun,1:00,NO,SF,-5.5
2014110900,2014,10,BAL,TEN,21,7,Sun,1:00,BAL,TEN,-10.5
2014110905,2014,10,NYJ,PIT,20,13,Sun,1:00,PIT,NYJ,-4.5
2014110906,2014,10,TB,ATL,17,27,Sun,1:00,ATL,TB,-3
2014110907,2014,10,OAK,DEN,17,41,Sun,4:05,DEN,OAK,-12.5
2014110908,2014,10,ARI,STL,31,14,Sun,4:25,ARI,STL,-7
2014110909,2014,10,SEA,NYG,38,17,Sun,4:25,SEA,NYG,-9.5
2014110910,2014,10,GB,CHI,55,14,Sun,8:30,GB,CHI,-9.5
2014111000,2014,10,PHI,CAR,45,21,Mon,8:30,PHI,CAR,-7
2014111300,2014,11,MIA,BUF,22,9,Thu,8:25,MIA,BUF,-4
2014111601,2014,11,CHI,MIN,21,13,Sun,1:00,CHI,MIN,-2.5
2014111602,2014,11,CLE,HOU,7,23,Sun,1:00,CLE,HOU,-4
2014111604,2014,11,KC,SEA,24,20,Sun,1:00,SEA,KC,-1
2014111600,2014,11,CAR,ATL,17,19,Sun,1:00,ATL,CAR,-2.5
2014111605,2014,11,NO,CIN,10,27,Sun,1:00,NO,CIN,-8
2014111606,2014,11,NYG,SF,10,16,Sun,1:00,SF,NYG,-4
2014111607,2014,11,STL,DEN,22,7,Sun,1:00,DEN,STL,-9
2014111608,2014,11,WAS,TB,7,27,Sun,1:00,WAS,TB,-7
2014111609,2014,11,SD,OAK,13,6,Sun,4:05,SD,OAK,-10
2014111603,2014,11,GB,PHI,53,20,Sun,4:25,GB,PHI,-5.5
2014111610,2014,11,ARI,DET,14,6,Sun,4:25,DET,ARI,-1.5
2014111611,2014,11,IND,NE,20,42,Sun,8:30,IND,NE,-3
2014111700,2014,11,TEN,PIT,24,27,Mon,8:30,PIT,TEN,-7
2014112000,2014,12,OAK,KC,24,20,Thu,8:25,KC,OAK,-7.5
2014112300,2014,12,ATL,CLE,24,26,Sun,1:00,ATL,CLE,-2.5
2014112302,2014,12,CHI,TB,21,13,Sun,1:00,CHI,TB,-4.5
2014112303,2014,12,HOU,CIN,13,22,Sun,1:00,HOU,CIN,-2.5
2014112304,2014,12,IND,JAC,23,3,Sun,1:00,IND,JAC,-13.5
2014112305,2014,12,MIN,GB,21,24,Sun,1:00,GB,MIN,-8
2014112306,2014,12,NE,DET,34,9,Sun,1:00,NE,DET,-7
2014112307,2014,12,PHI,TEN,43,24,Sun,1:00,PHI,TEN,-11.5
2014112308,2014,12,SD,STL,27,24,Sun,4:05,SD,STL,-5
2014112309,2014,12,SEA,ARI,19,3,Sun,4:05,SEA,ARI,-7.5
2014112310,2014,12,DEN,MIA,39,36,Sun,4:25,DEN,MIA,-6.5
2014112311,2014,12,SF,WAS,17,13,Sun,4:25,SF,WAS,-9.5
2014112312,2014,12,NYG,DAL,28,31,Sun,8:30,DAL,NYG,-4.5
2014112301,2014,12,BUF,NYJ,38,3,Mon,7:00,BUF,NYJ,-2.5
2014112400,2014,12,NO,BAL,27,34,Mon,8:30,BAL,NO,-3
2014112700,2014,13,DET,CHI,34,17,Thu,12:30,DET,CHI,-7
2014112701,2014,13,DAL,PHI,10,33,Thu,4:30,DAL,PHI,-3.5
2014112702,2014,13,SF,SEA,3,19,Thu,8:30,SF,SEA,-1.5
2014113003,2014,13,IND,WAS,49,27,Sun,1:00,IND,WAS,-8
2014113002,2014,13,HOU,TEN,45,21,Sun,1:00,HOU,TEN,-7
2014113001,2014,13,BUF,CLE,26,10,Sun,1:00,BUF,CLE,-3
2014113000,2014,13,BAL,SD,33,34,Sun,1:00,BAL,SD,-6.5
2014113004,2014,13,JAC,NYG,25,24,Sun,1:00,NYG,JAC,-3
2014113005,2014,13,MIN,CAR,31,13,Sun,1:00,MIN,CAR,-2.5
2014113006,2014,13,PIT,NO,32,35,Sun,1:00,PIT,NO,-3.5
2014113007,2014,13,STL,OAK,52,0,Sun,1:00,STL,OAK,-6
2014113008,2014,13,TB,CIN,13,14,Sun,1:00,CIN,TB,-6
2014113009,2014,13,ATL,ARI,29,18,Sun,4:05,ARI,ATL,-1.5
2014113010,2014,13,GB,NE,26,21,Sun,4:25,GB,NE,-3
2014113011,2014,13,KC,DEN,16,29,Sun,8:30,KC,DEN,0
2014120100,2014,13,NYJ,MIA,13,16,Mon,8:30,MIA,NYJ,-7
2014120400,2014,14,CHI,DAL,28,41,Thu,8:25,DAL,CHI,-3.5
2014120700,2014,14,CIN,PIT,21,42,Sun,1:00,CIN,PIT,-3
2014120701,2014,14,CLE,IND,24,25,Sun,1:00,IND,CLE,-3
2014120702,2014,14,DET,TB,34,17,Sun,1:00,DET,TB,-10.5
2014120703,2014,14,JAC,HOU,13,27,Sun,1:00,HOU,JAC,-6.5
2014120704,2014,14,MIA,BAL,13,28,Sun,1:00,MIA,BAL,-3
2014120705,2014,14,MIN,NYJ,30,24,Sun,1:00,MIN,NYJ,-4
2014120706,2014,14,NO,CAR,10,41,Sun,1:00,NO,CAR,-9.5
2014120707,2014,14,TEN,NYG,7,36,Sun,1:00,NYG,TEN,-3
2014120708,2014,14,WAS,STL,0,24,Sun,1:00,STL,WAS,-3
2014120709,2014,14,ARI,KC,17,14,Sun,4:05,KC,ARI,-2.5
2014120710,2014,14,DEN,BUF,24,17,Sun,4:05,DEN,BUF,-9
2014120711,2014,14,OAK,SF,24,13,Sun,4:25,SF,OAK,-8.5
2014120712,2014,14,PHI,SEA,14,24,Sun,4:25,SEA,PHI,-1.5
2014120713,2014,14,SD,NE,14,23,Sun,8:30,NE,SD,-4
2014120800,2014,14,GB,ATL,43,37,Mon,8:30,GB,ATL,-13.5
2014121100,2014,15,STL,ARI,6,12,Thu,8:25,STL,ARI,-6
2014121400,2014,15,ATL,PIT,20,27,Sun,1:00,PIT,ATL,-3
2014121401,2014,15,BAL,JAC,20,12,Sun,1:00,BAL,JAC,-14
2014121402,2014,15,BUF,GB,21,13,Sun,1:00,GB,BUF,-3.5
2014121403,2014,15,CAR,TB,19,17,Sun,1:00,CAR,TB,-3.5
2014121404,2014,15,CLE,CIN,0,30,Sun,1:00,CLE,CIN,-2
2014121406,2014,15,IND,HOU,17,10,Sun,1:00,IND,HOU,-7
2014121407,2014,15,KC,OAK,31,13,Sun,1:00,KC,OAK,-11
2014121408,2014,15,NE,MIA,41,13,Sun,1:00,NE,MIA,-9
2014121409,2014,15,NYG,WAS,24,13,Sun,1:00,NYG,WAS,-7
2014121410,2014,15,SD,DEN,10,22,Sun,4:05,DEN,SD,-4
2014121411,2014,15,TEN,NYJ,11,16,Sun,4:05,NYJ,TEN,-3
2014121405,2014,15,DET,MIN,16,14,Sun,4:25,DET,MIN,-8
2014121412,2014,15,SEA,SF,17,7,Sun,4:25,SEA,SF,-9.5
2014121413,2014,15,PHI,DAL,27,38,Sun,8:30,PHI,DAL,-3.5
2014121500,2014,15,CHI,NO,15,31,Mon,8:30,NO,CHI,-3.5
2014121800,2014,16,JAC,TEN,21,13,Thu,8:25,JAC,TEN,-4.5
2014122000,2014,16,WAS,PHI,27,24,Sat,4:30,PHI,WAS,-7
2014122001,2014,16,SF,SD,35,38,Sat,8:25,SF,SD,-1.5
2014122103,2014,16,MIA,MIN,37,35,Sun,1:00,MIA,MIN,-4.5
2014122102,2014,16,HOU,BAL,25,13,Sun,1:00,BAL,HOU,-6.5
2014122101,2014,16,CHI,DET,14,20,Sun,1:00,DET,CHI,-10
2014122100,2014,16,CAR,CLE,17,13,Sun,1:00,CAR,CLE,-6
2014122104,2014,16,NO,ATL,14,30,Sun,1:00,NO,ATL,-6
2014122105,2014,16,NYJ,NE,16,17,Sun,1:00,NE,NYJ,-9.5
2014122106,2014,16,PIT,KC,20,12,Sun,1:00,PIT,KC,-2.5
2014122107,2014,16,TB,GB,3,20,Sun,1:00,GB,TB,-11.5
2014122108,2014,16,STL,NYG,27,37,Sun,4:05,STL,NYG,-6.5
2014122109,2014,16,DAL,IND,42,7,Sun,4:25,DAL,IND,-3.5
2014122110,2014,16,OAK,BUF,26,24,Sun,4:25,BUF,OAK,-6.5
2014122111,2014,16,ARI,SEA,6,35,Sun,8:30,SEA,ARI,-9.5
2014122200,2014,16,CIN,DEN,37,28,Mon,8:30,DEN,CIN,-3.5
2014122803,2014,17,HOU,JAC,23,17,Sun,1:00,HOU,JAC,-8.5
2014122804,2014,17,KC,SD,19,7,Sun,1:00,KC,SD,-3
2014122805,2014,17,MIA,NYJ,24,37,Sun,1:00,MIA,NYJ,-7
2014122806,2014,17,MIN,CHI,13,9,Sun,1:00,MIN,CHI,-7
2014122807,2014,17,NE,BUF,9,17,Sun,1:00,NE,BUF,-4.5
2014122808,2014,17,NYG,PHI,26,34,Sun,1:00,NYG,PHI,-1
2014122810,2014,17,TB,NO,20,23,Sun,1:00,NO,TB,-6
2014122811,2014,17,TEN,IND,10,27,Sun,1:00,IND,TEN,-7.5
2014122812,2014,17,WAS,DAL,17,44,Sun,1:00,DAL,WAS,-6
2014122801,2014,17,BAL,CLE,20,10,Sun,1:00,BAL,CLE,-14
2014122800,2014,17,ATL,CAR,3,34,Sun,4:25,ATL,CAR,-3
2014122815,2014,17,SEA,STL,20,6,Sun,4:25,SEA,STL,-11.5
2014122802,2014,17,GB,DET,30,20,Sun,4:25,GB,DET,-8.5
2014122813,2014,17,DEN,OAK,47,14,Sun,4:25,DEN,OAK,-15.5
2014122814,2014,17,SF,ARI,20,17,Sun,4:25,SF,ARI,-6.5
2014122809,2014,17,PIT,CIN,27,17,Sun,8:30,PIT,CIN,-3
2015010300,2014,18,CAR,ARI,27,16,Sat,4:35,CAR,ARI,-5.5
2015010301,2014,18,PIT,BAL,17,30,Sat,8:15,PIT,BAL,-3
2015010400,2014,18,IND,CIN,26,10,Sun,1:05,IND,CIN,-4
2015010401,2014,18,DAL,DET,24,20,Sun,4:40,DAL,DET,-6.5
2015011000,2014,19,NE,BAL,35,31,Sat,4:35,NE,BAL,-7
2015011001,2014,19,SEA,CAR,31,17,Sat,8:15,SEA,CAR,-13.5
2015011100,2014,19,GB,DAL,26,21,Sun,1:05,GB,DAL,-5.5
2015011101,2014,19,DEN,IND,13,24,Sun,4:40,DEN,IND,-9.5
2015011800,2014,20,SEA,GB,28,22,Sun,3:05,SEA,GB,-8.5
2015011801,2014,20,NE,IND,45,7,Sun,6:50,NE,IND,-7
2015020100,2014,22,SEA,NE,24,28,Sun,6:30,NE,SEA,0
2015091000,2015,1,NE,PIT,28,21,Thu,8:30,NE,PIT,-7
2015091300,2015,1,CHI,GB,23,31,Sun,1:00,GB,CHI,-6.5
2015091301,2015,1,STL,SEA,34,31,Sun,1:00,SEA,STL,-3.5
2015091302,2015,1,JAC,CAR,9,20,Sun,1:00,CAR,JAC,-3
2015091303,2015,1,WAS,MIA,10,17,Sun,1:00,MIA,WAS,-4
2015091304,2015,1,BUF,IND,27,14,Sun,1:00,IND,BUF,-1
2015091305,2015,1,NYJ,CLE,31,10,Sun,1:00,NYJ,CLE,-3.5
2015091306,2015,1,HOU,KC,20,27,Sun,1:00,KC,HOU,-1
2015091307,2015,1,ARI,NO,31,19,Sun,4:05,ARI,NO,-2.5
2015091308,2015,1,SD,DET,33,28,Sun,4:05,SD,DET,-3.5
2015091309,2015,1,DEN,BAL,19,13,Sun,4:25,DEN,BAL,-4.5
2015091310,2015,1,OAK,CIN,13,33,Sun,4:25,CIN,OAK,-3
2015091311,2015,1,TB,TEN,14,42,Sun,4:25,TB,TEN,-3
2015091312,2015,1,DAL,NYG,27,26,Sun,8:30,DAL,NYG,-7
2015091400,2015,1,ATL,PHI,26,24,Mon,7:10,PHI,ATL,-3
2015091401,2015,1,SF,MIN,20,3,Mon,10:20,MIN,SF,-2.5
2015091700,2015,2,KC,DEN,24,31,Thu,8:25,KC,DEN,-3
2015092000,2015,2,CAR,HOU,24,17,Sun,1:00,CAR,HOU,-3
2015092001,2015,2,BUF,NE,32,40,Sun,1:00,BUF,NE,-1
2015092002,2015,2,CIN,SD,24,19,Sun,1:00,CIN,SD,-3.5
2015092003,2015,2,CLE,TEN,28,14,Sun,1:00,TEN,CLE,-1
2015092004,2015,2,NYG,ATL,20,24,Sun,1:00,NYG,ATL,-2
2015092005,2015,2,WAS,STL,24,10,Sun,1:00,STL,WAS,-3
2015092006,2015,2,CHI,ARI,23,48,Sun,1:00,ARI,CHI,-2
2015092007,2015,2,MIN,DET,26,16,Sun,1:00,MIN,DET,-2.5
2015092008,2015,2,NO,TB,19,26,Sun,1:00,NO,TB,-9
2015092009,2015,2,PIT,SF,43,18,Sun,1:00,PIT,SF,-6
2015092010,2015,2,OAK,BAL,37,33,Sun,4:05,BAL,OAK,-6
2015092011,2015,2,JAC,MIA,23,20,Sun,4:05,MIA,JAC,-6
2015092012,2015,2,PHI,DAL,10,20,Sun,4:25,PHI,DAL,-6.5
2015092013,2015,2,GB,SEA,27,17,Sun,8:30,GB,SEA,-3
2015092100,2015,2,IND,NYJ,7,20,Mon,8:30,IND,NYJ,-6
2015092400,2015,3,NYG,WAS,32,21,Thu,8:25,NYG,WAS,-3
2015092700,2015,3,DAL,ATL,28,39,Sun,1:00,DAL,ATL,0
2015092701,2015,3,CAR,NO,27,22,Sun,1:00,CAR,NO,-9.5
2015092702,2015,3,NYJ,PHI,17,24,Sun,1:00,NYJ,PHI,-3
2015092703,2015,3,HOU,TB,19,9,Sun,1:00,HOU,TB,-6
2015092704,2015,3,MIN,SD,31,14,Sun,1:00,MIN,SD,-2
2015092705,2015,3,STL,PIT,6,12,Sun,1:00,STL,PIT,-1
2015092706,2015,3,NE,JAC,51,17,Sun,1:00,NE,JAC,-14
2015092707,2015,3,BAL,CIN,24,28,Sun,1:00,BAL,CIN,-1.5
2015092708,2015,3,CLE,OAK,20,27,Sun,1:00,CLE,OAK,-3.5
2015092709,2015,3,TEN,IND,33,35,Sun,1:00,IND,TEN,-3.5
2015092710,2015,3,ARI,SF,47,7,Sun,4:05,ARI,SF,-7
2015092711,2015,3,SEA,CHI,26,0,Sun,4:25,SEA,CHI,-16
2015092712,2015,3,MIA,BUF,14,41,Sun,4:25,MIA,BUF,-1
2015092713,2015,3,DET,DEN,12,24,Sun,8:30,DEN,DET,-3
2015092800,2015,3,GB,KC,38,28,Mon,8:30,GB,KC,-5.5
2015100100,2015,4,PIT,BAL,20,23,Thu,8:25,BAL,PIT,-3
2015100400,2015,4,MIA,NYJ,14,27,Sun,9:30,NYJ,MIA,-2.5
2015100401,2015,4,CHI,OAK,22,20,Sun,1:00,OAK,CHI,-3
2015100402,2015,4,ATL,HOU,48,21,Sun,1:00,ATL,HOU,-4.5
2015100403,2015,4,CIN,KC,36,21,Sun,1:00,CIN,KC,-3.5
2015100404,2015,4,IND,JAC,16,13,Sun,1:00,IND,JAC,-4
2015100405,2015,4,WAS,PHI,23,20,Sun,1:00,PHI,WAS,-3
2015100406,2015,4,TB,CAR,23,37,Sun,1:00,CAR,TB,-3
2015100407,2015,4,BUF,NYG,10,24,Sun,1:00,BUF,NYG,-6
2015100408,2015,4,SD,CLE,30,27,Sun,4:05,SD,CLE,-5
2015100409,2015,4,SF,GB,3,17,Sun,4:25,GB,SF,-7.5
2015100410,2015,4,ARI,STL,22,24,Sun,4:25,ARI,STL,-7
2015100411,2015,4,DEN,MIN,23,20,Sun,4:25,DEN,MIN,-7
2015100412,2015,4,NO,DAL,26,20,Sun,8:30,NO,DAL,-3
2015100500,2015,4,SEA,DET,13,10,Mon,8:30,SEA,DET,-10
2015100800,2015,5,HOU,IND,20,27,Thu,8:25,HOU,IND,-5
2015101101,2015,5,KC,CHI,17,18,Sun,1:00,KC,CHI,-9.5
2015101102,2015,5,CIN,SEA,27,24,Sun,1:00,CIN,SEA,-3
2015101103,2015,5,ATL,WAS,25,19,Sun,1:00,ATL,WAS,-7
2015101104,2015,5,TB,JAC,38,31,Sun,1:00,TB,JAC,-1
2015101100,2015,5,PHI,NO,39,17,Sun,1:00,ATL,WAS,-7
2015101105,2015,5,BAL,CLE,30,33,Sun,1:00,BAL,CLE,-6.5
2015101106,2015,5,TEN,BUF,13,14,Sun,1:00,BUF,TEN,-1
2015101107,2015,5,GB,STL,24,10,Sun,1:00,GB,STL,-9
2015101108,2015,5,DET,ARI,17,42,Sun,4:05,ARI,DET,-4.5
2015101109,2015,5,DAL,NE,6,30,Sun,4:25,NE,DAL,-8.5
2015101110,2015,5,OAK,DEN,10,16,Sun,4:25,DEN,OAK,-5.5
2015101111,2015,5,NYG,SF,30,27,Sun,8:30,NYG,SF,-7.5
2015101200,2015,5,SD,PIT,20,24,Mon,8:30,SD,PIT,-4
2015101500,2015,6,NO,ATL,31,21,Thu,8:25,ATL,NO,-3
2015101801,2015,6,NYJ,WAS,34,20,Sun,1:00,NYJ,WAS,-7.5
2015101802,2015,6,PIT,ARI,25,13,Sun,1:00,ARI,PIT,-5.5
2015101803,2015,6,MIN,KC,16,10,Sun,1:00,MIN,KC,-3.5
2015101804,2015,6,BUF,CIN,21,34,Sun,1:00,CIN,BUF,-3
2015101800,2015,6,DET,CHI,37,34,Sun,1:00,DET,CHI,-3.5
2015101805,2015,6,CLE,DEN,23,26,Sun,1:00,DEN,CLE,-3.5
2015101806,2015,6,TEN,MIA,10,38,Sun,1:00,TEN,MIA,-2.5
2015101807,2015,6,JAC,HOU,20,31,Sun,1:00,JAC,HOU,-3
2015101808,2015,6,SEA,CAR,23,27,Sun,4:05,SEA,CAR,-7
2015101809,2015,6,GB,SD,27,20,Sun,4:25,GB,SD,-10.5
2015101810,2015,6,SF,BAL,25,20,Sun,4:25,BAL,SF,-2.5
2015101811,2015,6,IND,NE,27,34,Sun,8:30,NE,IND,-9
2015101900,2015,6,PHI,NYG,27,7,Mon,8:30,PHI,NYG,-3.5
2015102200,2015,7,SF,SEA,3,20,Thu,8:25,SEA,SF,-6.5
2015102500,2015,7,JAC,BUF,34,31,Sun,9:30,BUF,JAC,-3.5
2015102501,2015,7,STL,CLE,24,6,Sun,1:00,STL,CLE,-6
2015102502,2015,7,MIA,HOU,44,26,Sun,1:00,MIA,HOU,-4.5
2015102503,2015,7,NE,NYJ,30,23,Sun,1:00,NE,NYJ,-7
2015102504,2015,7,KC,PIT,23,13,Sun,1:00,KC,PIT,-3.5
2015102505,2015,7,WAS,TB,31,30,Sun,1:00,NE,NYJ,-7
2015102506,2015,7,DET,MIN,19,28,Sun,1:00,DET,MIN,-1
2015102507,2015,7,IND,NO,21,27,Sun,1:00,IND,NO,-5
2015102508,2015,7,TEN,ATL,7,10,Sun,1:00,ATL,TEN,-6
2015102509,2015,7,SD,OAK,29,37,Sun,4:05,SD,OAK,-3.5
2015102510,2015,7,NYG,DAL,27,20,Sun,4:25,NYG,DAL,-3
2015102511,2015,7,CAR,PHI,27,16,Sun,8:30,CAR,PHI,-2.5
2015102600,2015,7,ARI,BAL,26,18,Mon,8:30,ARI,BAL,-10
2015102900,2015,8,NE,MIA,36,7,Thu,8:25,NE,MIA,-8
2015110100,2015,8,KC,DET,45,10,Sun,9:30,KC,DET,-3
2015110101,2015,8,BAL,SD,29,26,Sun,1:00,BAL,SD,-4.5
2015110102,2015,8,PIT,CIN,10,16,Sun,1:00,PIT,CIN,0
2015110103,2015,8,HOU,TEN,20,6,Sun,1:00,HOU,TEN,-3.5
2015110104,2015,8,CHI,MIN,20,23,Sun,1:00,MIN,CHI,-1.5
2015110105,2015,8,ATL,TB,20,23,Sun,1:00,ATL,TB,-8
2015110106,2015,8,NO,NYG,52,49,Sun,1:00,NO,NYG,-3
2015110107,2015,8,STL,SF,27,6,Sun,1:00,STL,SF,-8
2015110108,2015,8,CLE,ARI,20,34,Sun,1:00,ARI,CLE,-7
2015110109,2015,8,OAK,NYJ,34,20,Sun,4:05,NYJ,OAK,-3
2015110110,2015,8,DAL,SEA,12,13,Sun,4:25,SEA,DAL,-5
2015110111,2015,8,DEN,GB,29,10,Sun,8:30,GB,DEN,-2.5
2015110200,2015,8,CAR,IND,29,26,Mon,8:30,CAR,IND,-5.5
2015110500,2015,9,CIN,CLE,31,10,Thu,8:25,CIN,CLE,-13
2015110801,2015,9,CAR,GB,37,29,Sun,1:00,GB,CAR,-2.5
2015110802,2015,9,NE,WAS,27,10,Sun,1:00,NE,WAS,-13.5
2015110803,2015,9,NO,TEN,28,34,Sun,1:00,NO,TEN,-6.5
2015110804,2015,9,BUF,MIA,33,17,Sun,1:00,BUF,MIA,-4
2015110800,2015,9,MIN,STL,21,18,Sun,1:00,MIN,STL,-1
2015110805,2015,9,NYJ,JAC,28,23,Sun,1:00,NYJ,JAC,-8
2015110806,2015,9,PIT,OAK,38,35,Sun,1:00,PIT,OAK,-6
2015110807,2015,9,TB,NYG,18,32,Sun,4:05,NYG,TB,-2
2015110808,2015,9,SF,ATL,17,16,Sun,4:05,ATL,SF,-8.5
2015110809,2015,9,IND,DEN,27,24,Sun,4:25,DEN,IND,-3.5
2015110810,2015,9,DAL,PHI,27,33,Sun,8:30,PHI,DAL,-3
2015110900,2015,9,SD,CHI,19,22,Mon,8:30,SD,CHI,-3.5
2015111200,2015,10,NYJ,BUF,17,22,Thu,8:25,NYJ,BUF,-2.5
2015111501,2015,10,GB,DET,16,18,Sun,1:00,GB,DET,-10.5
2015111502,2015,10,TB,DAL,10,6,Sun,1:00,DAL,TB,-1
2015111503,2015,10,TEN,CAR,10,27,Sun,1:00,CAR,TEN,-3.5
2015111504,2015,10,STL,CHI,13,37,Sun,1:00,STL,CHI,-7
2015111500,2015,10,WAS,NO,47,14,Sun,1:00,NO,WAS,-1
2015111505,2015,10,PHI,MIA,19,20,Sun,1:00,PHI,MIA,-6
2015111506,2015,10,BAL,JAC,20,22,Sun,1:00,BAL,JAC,-5
2015111507,2015,10,PIT,CLE,30,9,Sun,1:00,PIT,CLE,-7
2015111508,2015,10,OAK,MIN,14,30,Sun,4:05,OAK,MIN,-3
2015111509,2015,10,NYG,NE,26,27,Sun,4:25,NE,NYG,-7
2015111510,2015,10,DEN,KC,13,29,Sun,4:25,DEN,KC,-3.5
2015111511,2015,10,SEA,ARI,32,39,Sun,8:30,SEA,ARI,-3
2015111600,2015,10,CIN,HOU,6,10,Mon,8:30,CIN,HOU,-10
2015111900,2015,11,JAC,TEN,19,13,Thu,8:25,JAC,TEN,-3
2015112201,2015,11,DET,OAK,18,13,Sun,1:00,OAK,DET,-1.5
2015112202,2015,11,ATL,IND,21,24,Sun,1:00,ATL,IND,-3.5
2015112203,2015,11,HOU,NYJ,24,17,Sun,1:00,OAK,DET,-1.5
2015112204,2015,11,PHI,TB,17,45,Sun,1:00,PHI,TB,-6.5
2015112200,2015,11,CHI,DEN,15,17,Sun,1:00,DEN,CHI,-2
2015112206,2015,11,CAR,WAS,44,16,Sun,1:00,CAR,WAS,-7
2015112207,2015,11,MIA,DAL,14,24,Sun,1:00,DAL,MIA,-2.5
2015112208,2015,11,BAL,STL,16,13,Sun,1:00,BAL,STL,-3
2015112211,2015,11,SD,KC,3,33,Sun,4:05,NYJ,HOU,-4
2015112205,2015,11,MIN,GB,13,30,Sun,4:25,MIN,GB,0
2015112210,2015,11,SEA,SF,29,13,Sun,4:25,SEA,SF,-14
2015112209,2015,11,ARI,CIN,34,31,Sun,8:30,ARI,CIN,-4
2015112300,2015,11,NE,BUF,20,13,Mon,8:30,NE,BUF,-7
2015112600,2015,12,DET,PHI,45,14,Thu,12:30,DET,PHI,-3
2015112601,2015,12,DAL,CAR,14,33,Thu,4:30,CAR,DAL,-1
2015112602,2015,12,GB,CHI,13,17,Thu,8:30,GB,CHI,-8
2015112903,2015,12,HOU,NO,24,6,Sun,1:00,HOU,NO,-3.5
2015112902,2015,12,CIN,STL,31,7,Sun,1:00,CIN,STL,-9.5
2015112901,2015,12,ATL,MIN,10,20,Sun,1:00,ATL,MIN,-2
2015112900,2015,12,WAS,NYG,20,14,Sun,1:00,CIN,STL,-9.5
2015112904,2015,12,IND,TB,25,12,Sun,1:00,IND,TB,-3
2015112905,2015,12,NYJ,MIA,38,20,Sun,1:00,NYG,WAS,-1.5
2015112906,2015,12,JAC,SD,25,31,Sun,1:00,JAC,SD,-5
2015112907,2015,12,TEN,OAK,21,24,Sun,1:00,OAK,TEN,-1
2015112908,2015,12,KC,BUF,30,22,Sun,1:00,KC,BUF,-4.5
2015112909,2015,12,SF,ARI,13,19,Sun,4:05,ARI,SF,-8.5
2015112910,2015,12,SEA,PIT,39,30,Sun,4:25,SEA,PIT,-3
2015112911,2015,12,DEN,NE,30,24,Sun,8:30,NE,DEN,-2.5
2015113000,2015,12,CLE,BAL,27,33,Mon,8:30,CLE,BAL,-6
2015120300,2015,13,DET,GB,23,27,Thu,8:25,GB,DET,-2.5
2015120600,2015,13,NYG,NYJ,20,23,Sun,1:00,NYJ,NYG,-2.5
2015120601,2015,13,BUF,HOU,30,21,Sun,1:00,BUF,HOU,-3
2015120602,2015,13,MIA,BAL,15,13,Sun,1:00,MIA,BAL,-3.5
2015120603,2015,13,CLE,CIN,3,37,Sun,1:00,CIN,CLE,-7.5
2015120604,2015,13,TEN,JAC,42,39,Sun,1:00,TEN,JAC,-3
2015120605,2015,13,CHI,SF,20,26,Sun,1:00,CHI,SF,-6.5
2015120606,2015,13,MIN,SEA,7,38,Sun,1:00,SEA,MIN,-2.5
2015120608,2015,13,TB,ATL,23,19,Sun,1:00,TB,ATL,0
2015120609,2015,13,STL,ARI,3,27,Sun,1:00,ARI,STL,-3.5
2015120610,2015,13,OAK,KC,20,34,Sun,4:05,TB,ATL,0
2015120611,2015,13,SD,DEN,3,17,Sun,4:05,DEN,SD,-6
2015120607,2015,13,NO,CAR,38,41,Sun,4:25,CAR,NO,-6
2015120612,2015,13,NE,PHI,28,35,Sun,4:25,NE,PHI,-9.5
2015120613,2015,13,PIT,IND,45,10,Sun,8:30,PIT,IND,-9.5
2015120700,2015,13,WAS,DAL,16,19,Mon,8:30,WAS,DAL,-2
2015121000,2015,14,ARI,MIN,23,20,Thu,8:25,ARI,MIN,-10
2015121300,2015,14,PHI,BUF,23,20,Sun,1:00,PHI,BUF,-1
2015121301,2015,14,NYJ,TEN,30,8,Sun,1:00,NYJ,TEN,-8
2015121302,2015,14,CIN,PIT,20,33,Sun,1:00,CIN,PIT,-1
2015121304,2015,14,JAC,IND,51,16,Sun,1:00,JAC,IND,-1
2015121305,2015,14,KC,SD,10,3,Sun,1:00,KC,SD,-12
2015121306,2015,14,CHI,WAS,21,24,Sun,1:00,CHI,WAS,-4
2015121307,2015,14,CAR,ATL,38,0,Sun,1:00,CAR,ATL,-8.5
2015121308,2015,14,TB,NO,17,24,Sun,1:00,TB,NO,-6
2015121309,2015,14,STL,DET,21,14,Sun,1:00,DET,STL,-3
2015121310,2015,14,CLE,SF,24,10,Sun,1:00,CLE,SF,-2.5
2015121313,2015,14,BAL,SEA,6,35,Sun,1:00,SEA,BAL,-10.5
2015121311,2015,14,DEN,OAK,12,15,Sun,4:05,DEN,OAK,-6
2015121312,2015,14,GB,DAL,28,7,Sun,4:25,GB,DAL,-6.5
2015121303,2015,14,HOU,NE,6,27,Sun,8:30,NE,HOU,-5
2015121400,2015,14,MIA,NYG,24,31,Mon,8:30,NYG,MIA,-2
2015121700,2015,15,STL,TB,31,23,Thu,8:25,STL,TB,-1
2015121900,2015,15,DAL,NYJ,16,19,Sat,8:25,NYJ,DAL,-3.5
2015122002,2015,15,MIN,CHI,38,17,Sun,1:00,MIN,CHI,-4
2015122003,2015,15,JAC,ATL,17,23,Sun,1:00,JAC,ATL,-2
2015122004,2015,15,IND,HOU,10,16,Sun,1:00,IND,HOU,-2
2015122000,2015,15,NYG,CAR,35,38,Sun,1:00,CAR,NYG,-5
2015122005,2015,15,NE,TEN,33,16,Sun,1:00,NE,TEN,-14.5
2015122006,2015,15,BAL,KC,14,34,Sun,1:00,KC,BAL,-6.5
2015122007,2015,15,WAS,BUF,35,25,Sun,1:00,BUF,WAS,-2
2015122008,2015,15,SEA,CLE,30,13,Sun,4:05,SEA,CLE,-14.5
2015122009,2015,15,OAK,GB,20,30,Sun,4:05,GB,OAK,-4
2015122010,2015,15,PIT,DEN,34,27,Sun,4:25,SEA,CLE,-14.5
2015122011,2015,15,SD,MIA,30,14,Sun,4:25,SD,MIA,-1
2015122012,2015,15,SF,CIN,14,24,Sun,4:25,CAR,NYG,-5
2015122001,2015,15,PHI,ARI,17,40,Sun,8:30,ARI,PHI,-4
2015122100,2015,15,NO,DET,27,35,Mon,8:30,NO,DET,-2.5
2015122400,2015,16,OAK,SD,23,20,Thu,8:25,OAK,SD,-4
2015122600,2015,16,PHI,WAS,24,38,Sat,8:25,PHI,WAS,-3.5
2015122702,2015,16,NYJ,NE,26,20,Sun,1:00,NE,NYJ,-2.5
2015122703,2015,16,TEN,HOU,6,34,Sun,1:00,HOU,TEN,-3.5
2015122704,2015,16,KC,CLE,17,13,Sun,1:00,KC,CLE,-11.5
2015122701,2015,16,MIA,IND,12,18,Sun,1:00,MIA,IND,-2.5
2015122705,2015,16,DET,SF,32,17,Sun,1:00,DET,SF,-9
2015122707,2015,16,ATL,CAR,20,13,Sun,1:00,CAR,ATL,-7
2015122708,2015,16,TB,CHI,21,26,Sun,1:00,TB,CHI,-3
2015122709,2015,16,BUF,DAL,16,6,Sun,1:00,BUF,DAL,-6.5
2015122712,2015,16,BAL,PIT,20,17,Sun,1:00,PIT,BAL,-11.5
2015122700,2015,16,NO,JAC,38,27,Sun,4:05,NO,JAC,-2.5
2015122710,2015,16,ARI,GB,38,8,Sun,4:25,ARI,GB,-6
2015122711,2015,16,SEA,STL,17,23,Sun,4:25,SEA,STL,-11
2015122706,2015,16,MIN,NYG,49,17,Sun,8:30,MIN,NYG,-7
2015122800,2015,16,DEN,CIN,20,17,Mon,8:30,DEN,CIN,-4
2016010300,2015,17,BUF,NYJ,22,17,Sun,1:00,NYJ,BUF,-3
2016010302,2015,17,CIN,BAL,24,16,Sun,1:00,CIN,BAL,-9.5
2016010303,2015,17,CLE,PIT,12,28,Sun,1:00,PIT,CLE,-13
2016010304,2015,17,HOU,JAC,30,6,Sun,1:00,HOU,JAC,-6
2016010305,2015,17,IND,TEN,30,24,Sun,1:00,IND,TEN,-4
2016010307,2015,17,DAL,WAS,23,34,Sun,1:00,CIN,BAL,-9.5
2016010308,2015,17,NYG,PHI,30,35,Sun,1:00,NYG,PHI,-3.5
2016010309,2015,17,CHI,DET,20,24,Sun,1:00,HOU,JAC,-6
2016010311,2015,17,ATL,NO,17,20,Sun,1:00,ATL,NO,-6
2016010301,2015,17,MIA,NE,20,10,Sun,1:00,NE,MIA,-10
2016010315,2015,17,SF,STL,19,16,Sun,4:25,PIT,CLE,-13
2016010306,2015,17,KC,OAK,23,17,Sun,4:25,KC,OAK,-6.5
2016010312,2015,17,CAR,TB,38,10,Sun,4:25,CAR,TB,-10
2016010313,2015,17,DEN,SD,27,20,Sun,4:25,DEN,SD,-10
2016010314,2015,17,ARI,SEA,6,36,Sun,4:25,ARI,SEA,-6
2016010310,2015,17,GB,MIN,13,20,Sun,8:30,GB,MIN,-3
2016010900,2015,18,HOU,KC,0,30,Sat,4:35,KC,HOU,-3
2016010901,2015,18,CIN,PIT,16,18,Sat,8:15,PIT,CIN,-2
2016011000,2015,18,MIN,SEA,9,10,Sun,1:05,SEA,MIN,-5
2016011001,2015,18,WAS,GB,18,35,Sun,4:40,WAS,GB,-1.5
2016011600,2015,19,NE,KC,27,20,Sat,4:35,NE,KC,-6
2016011601,2015,19,ARI,GB,26,20,Sat,8:15,ARI,GB,-7
2016011700,2015,19,CAR,SEA,31,24,Sun,1:05,CAR,SEA,-2.5
2016011701,2015,19,DEN,PIT,23,16,Sun,4:40,DEN,PIT,-7
2016012400,2015,20,DEN,NE,20,18,Sun,3:05,NE,DEN,-3
2016012401,2015,20,CAR,ARI,49,15,Sun,6:40,CAR,ARI,-3
2016020700,2015,22,DEN,CAR,24,10,Sun,6:30,CAR,DEN,-5
2016090800,2016,1,DEN,CAR,21,20,Thu,8:30,CAR,DEN,-3
2016091100,2016,1,ATL,TB,24,31,Sun,1:00,ATL,TB,-2.5
2016091101,2016,1,BAL,BUF,13,7,Sun,1:00,BAL,BUF,-3
2016091102,2016,1,HOU,CHI,23,14,Sun,1:00,HOU,CHI,-5.5
2016091103,2016,1,JAX,GB,23,27,Sun,1:00,GB,JAC,-3.5
2016091104,2016,1,KC,SD,33,27,Sun,1:00,KC,SD,-6.5
2016091105,2016,1,NO,OAK,34,35,Sun,1:00,NO,OAK,-3
2016091106,2016,1,NYJ,CIN,22,23,Sun,1:00,CIN,NYJ,-1
2016091107,2016,1,PHI,CLE,29,10,Sun,1:00,PHI,CLE,-3.5
2016091108,2016,1,TEN,MIN,16,25,Sun,1:00,MIN,TEN,-2.5
2016091109,2016,1,SEA,MIA,12,10,Sun,4:05,SEA,MIA,-10.5
2016091110,2016,1,DAL,NYG,19,20,Sun,4:25,NYG,DAL,-1
2016091111,2016,1,IND,DET,35,39,Sun,4:25,IND,DET,-2.5
2016091112,2016,1,ARI,NE,21,23,Sun,8:30,ARI,NE,-8.5
2016091200,2016,1,WAS,PIT,16,38,Mon,7:10,PIT,WAS,-2.5
2016091201,2016,1,SF,LA,28,0,Mon,10:20,LA,SF,-2.5
2016091500,2016,2,BUF,NYJ,31,37,Thu,8:25,BUF,NYJ,0
2016091800,2016,2,CAR,SF,46,27,Sun,1:00,CAR,SF,-12.5
2016091801,2016,2,CLE,BAL,20,25,Sun,1:00,BAL,CLE,-4.5
2016091802,2016,2,DET,TEN,15,16,Sun,1:00,DET,TEN,-6
2016091803,2016,2,HOU,KC,19,12,Sun,1:00,HOU,KC,-1
2016091804,2016,2,NE,MIA,31,24,Sun,1:00,NE,MIA,-5.5
2016091805,2016,2,NYG,NO,16,13,Sun,1:00,NYG,NO,-4
2016091806,2016,2,PIT,CIN,24,16,Sun,1:00,PIT,CIN,-3
2016091807,2016,2,WAS,DAL,23,27,Sun,1:00,WAS,DAL,-3
2016091808,2016,2,ARI,TB,40,7,Sun,4:05,ARI,TB,-7
2016091809,2016,2,LA,SEA,9,3,Sun,4:05,SEA,LA,-5.5
2016091810,2016,2,DEN,IND,34,20,Sun,4:25,DEN,IND,-6
2016091811,2016,2,OAK,ATL,28,35,Sun,4:25,OAK,ATL,-4
2016091812,2016,2,SD,JAX,38,14,Sun,4:25,SD,JAC,-3
2016091813,2016,2,MIN,GB,17,14,Sun,8:30,GB,MIN,-2
2016091900,2016,2,CHI,PHI,14,29,Mon,8:30,CHI,PHI,-3
2016092200,2016,3,NE,HOU,27,0,Thu,8:25,NE,HOU,-1
2016092500,2016,3,BUF,ARI,33,18,Sun,1:00,ARI,BUF,-5
2016092501,2016,3,CAR,MIN,10,22,Sun,1:00,CAR,MIN,-6.5
2016092502,2016,3,CIN,DEN,17,29,Sun,1:00,CIN,DEN,-3.5
2016092503,2016,3,GB,DET,34,27,Sun,1:00,GB,DET,-6.5
2016092504,2016,3,JAX,BAL,17,19,Sun,1:00,BAL,JAC,-2
2016092505,2016,3,MIA,CLE,30,24,Sun,1:00,MIA,CLE,-10
2016092506,2016,3,NYG,WAS,27,29,Sun,1:00,NYG,WAS,-3.5
2016092507,2016,3,TEN,OAK,10,17,Sun,1:00,OAK,TEN,-1.5
2016092508,2016,3,SEA,SF,37,18,Sun,4:05,SEA,SF,-10.5
2016092509,2016,3,TB,LA,32,37,Sun,4:05,TB,LA,-3.5
2016092510,2016,3,PHI,PIT,34,3,Sun,4:25,PIT,PHI,-4
2016092511,2016,3,IND,SD,26,22,Sun,4:25,IND,SD,-1.5
2016092512,2016,3,KC,NYJ,24,3,Sun,4:25,KC,NYJ,-3
2016092513,2016,3,DAL,CHI,31,17,Sun,8:30,DAL,CHI,-6.5
2016092600,2016,3,NO,ATL,32,45,Mon,8:30,NO,ATL,-3
2016092900,2016,4,CIN,MIA,22,7,Thu,8:25,CIN,MIA,-7.5
2016100200,2016,4,JAX,IND,30,27,Sun,9:30,IND,JAC,-1
2016100201,2016,4,ATL,CAR,48,33,Sun,1:00,CAR,ATL,-3
2016100202,2016,4,BAL,OAK,27,28,Sun,1:00,BAL,OAK,-3.5
2016100203,2016,4,CHI,DET,17,14,Sun,1:00,DET,CHI,-3.5
2016100204,2016,4,HOU,TEN,27,20,Sun,1:00,HOU,TEN,-4
2016100205,2016,4,NE,BUF,0,16,Sun,1:00,NE,BUF,-3.5
2016100206,2016,4,NYJ,SEA,17,27,Sun,1:00,SEA,NYJ,-1
2016100207,2016,4,WAS,CLE,31,20,Sun,1:00,WAS,CLE,-7.5
2016100208,2016,4,TB,DEN,7,27,Sun,4:05,DEN,TB,-3.5
2016100209,2016,4,ARI,LA,13,17,Sun,4:25,ARI,LA,-9.5
2016100210,2016,4,SD,NO,34,35,Sun,4:25,SD,NO,-4
2016100211,2016,4,SF,DAL,17,24,Sun,4:25,DAL,SF,-1.5
2016100212,2016,4,PIT,KC,43,14,Sun,8:30,PIT,KC,-3.5
2016100300,2016,4,MIN,NYG,24,10,Mon,8:30,MIN,NYG,-4
2016100600,2016,5,SF,ARI,21,33,Thu,8:25,ARI,SF,-3.5
2016100901,2016,5,CLE,NE,13,33,Sun,1:00,NE,CLE,-10
2016100902,2016,5,DET,PHI,24,23,Sun,1:00,PHI,DET,-3.5
2016100903,2016,5,IND,CHI,29,23,Sun,1:00,IND,CHI,-4
2016100904,2016,5,MIA,TEN,17,30,Sun,1:00,MIA,TEN,-2.5
2016100900,2016,5,BAL,WAS,10,16,Sun,1:00,BAL,WAS,-4
2016100905,2016,5,MIN,HOU,31,13,Sun,1:00,MIN,HOU,-6
2016100906,2016,5,PIT,NYJ,31,13,Sun,1:00,PIT,NYJ,-9.5
2016100907,2016,5,DEN,ATL,16,23,Sun,4:05,DEN,ATL,-4
2016100908,2016,5,DAL,CIN,28,14,Sun,4:25,CIN,DAL,-2.5
2016100909,2016,5,LA,BUF,19,30,Sun,4:25,BUF,LA,-2.5
2016100910,2016,5,OAK,SD,34,31,Sun,4:25,OAK,SD,-3.5
2016100911,2016,5,GB,NYG,23,16,Sun,8:30,GB,NYG,-7
2016101000,2016,5,CAR,TB,14,17,Mon,8:30,CAR,TB,-6
2016101300,2016,6,SD,DEN,21,13,Thu,8:25,DEN,SD,-3
2016101600,2016,6,BUF,SF,45,16,Sun,1:00,BUF,SF,-7.5
2016101601,2016,6,CHI,JAX,16,17,Sun,1:00,CHI,JAC,-2.5
2016101602,2016,6,DET,LA,31,28,Sun,1:00,DET,LA,-3
2016101603,2016,6,MIA,PIT,30,15,Sun,1:00,PIT,MIA,-7.5
2016101604,2016,6,NE,CIN,35,17,Sun,1:00,NE,CIN,-7.5
2016101605,2016,6,NO,CAR,41,38,Sun,1:00,CAR,NO,-3
2016101606,2016,6,NYG,BAL,27,23,Sun,1:00,NYG,BAL,-3.5
2016101607,2016,6,TEN,CLE,28,26,Sun,1:00,TEN,CLE,-7.5
2016101608,2016,6,WAS,PHI,27,20,Sun,1:00,PHI,WAS,-3
2016101609,2016,6,OAK,KC,10,26,Sun,4:05,KC,OAK,-1.5
2016101610,2016,6,GB,DAL,16,30,Sun,4:25,GB,DAL,-5
2016101611,2016,6,SEA,ATL,26,24,Sun,4:25,SEA,ATL,-7
2016101612,2016,6,HOU,IND,26,23,Sun,8:30,HOU,IND,-3
2016101700,2016,6,ARI,NYJ,28,3,Mon,8:30,ARI,NYJ,-7
2016102000,2016,7,GB,CHI,26,10,Thu,8:25,GB,CHI,-7.5
2016102300,2016,7,LA,NYG,10,17,Sun,9:30,NYG,LA,-3
2016102301,2016,7,CIN,CLE,31,17,Sun,1:00,CIN,CLE,-11.5
2016102302,2016,7,DET,WAS,20,17,Sun,1:00,WAS,DET,-1
2016102303,2016,7,JAX,OAK,16,33,Sun,1:00,JAC,OAK,-2
2016102304,2016,7,KC,NO,27,21,Sun,1:00,KC,NO,-6.5
2016102305,2016,7,MIA,BUF,28,25,Sun,1:00,BUF,MIA,-2.5
2016102306,2016,7,NYJ,BAL,24,16,Sun,1:00,NYJ,BAL,-2
2016102307,2016,7,PHI,MIN,21,10,Sun,1:00,MIN,PHI,-3
2016102308,2016,7,TEN,IND,26,34,Sun,1:00,TEN,IND,-4
2016102309,2016,7,ATL,SD,30,33,Sun,4:05,ATL,SD,-5
2016102310,2016,7,SF,TB,17,34,Sun,4:05,SF,TB,-1
2016102311,2016,7,PIT,NE,16,27,Sun,4:25,NE,PIT,-7.5
2016102312,2016,7,ARI,SEA,6,6,Sun,8:30,ARI,SEA,-2.5
2016102400,2016,7,DEN,HOU,27,9,Mon,8:30,DEN,HOU,-8.5
2016102700,2016,8,TEN,JAX,36,22,Thu,8:25,TEN,JAC,-3
2016103000,2016,8,CIN,WAS,27,27,Sun,9:30,CIN,WAS,-3
2016103002,2016,8,BUF,NE,25,41,Sun,1:00,NE,BUF,-6.5
2016103003,2016,8,CLE,NYJ,28,31,Sun,1:00,NYJ,CLE,-2.5
2016103004,2016,8,HOU,DET,20,13,Sun,1:00,HOU,DET,-1
2016103005,2016,8,IND,KC,14,30,Sun,1:00,KC,IND,-3
2016103006,2016,8,NO,SEA,25,20,Sun,1:00,SEA,NO,-1
2016103007,2016,8,TB,OAK,24,30,Sun,1:00,TB,OAK,0
2016103009,2016,8,CAR,ARI,30,20,Sun,1:00,CAR,ARI,-2.5
2016103008,2016,8,DEN,SD,27,19,Sun,4:05,DEN,SD,-3.5
2016103001,2016,8,ATL,GB,33,32,Sun,4:25,ATL,GB,-3
2016103010,2016,8,DAL,PHI,29,23,Sun,8:30,DAL,PHI,-5
2016103100,2016,8,CHI,MIN,20,10,Mon,8:30,MIN,CHI,-5.5
2016110300,2016,9,TB,ATL,28,43,Thu,8:25,ATL,TB,-4.5
2016110601,2016,9,BAL,PIT,21,14,Sun,1:00,PIT,BAL,-3
2016110602,2016,9,CLE,DAL,10,35,Sun,1:00,DAL,CLE,-7.5
2016110603,2016,9,KC,JAX,19,14,Sun,1:00,KC,JAC,-7
2016110604,2016,9,MIA,NYJ,27,23,Sun,1:00,MIA,NYJ,-4
2016110605,2016,9,MIN,DET,16,22,Sun,1:00,MIN,DET,-5.5
2016110606,2016,9,NYG,PHI,28,23,Sun,1:00,NYG,PHI,-3
2016110607,2016,9,LA,CAR,10,13,Sun,4:05,CAR,LA,-3
2016110608,2016,9,SF,NO,23,41,Sun,4:05,NO,SF,-5
2016110609,2016,9,GB,IND,26,31,Sun,4:25,GB,IND,-7.5
2016110610,2016,9,SD,TEN,43,35,Sun,4:25,SD,TEN,-4
2016110600,2016,9,OAK,DEN,30,20,Sun,8:30,OAK,DEN,-1
2016110700,2016,9,SEA,BUF,31,25,Mon,8:30,SEA,BUF,-6
2016111000,2016,10,BAL,CLE,28,7,Thu,8:25,BAL,CLE,-7.5
2016111302,2016,10,JAX,HOU,21,24,Sun,1:00,JAC,HOU,-3
2016111303,2016,10,NO,DEN,23,25,Sun,1:00,NO,DEN,-3
2016111304,2016,10,NYJ,LA,6,9,Sun,1:00,LA,NYJ,-1
2016111305,2016,10,PHI,ATL,24,15,Sun,1:00,PHI,ATL,-1.5
2016111301,2016,10,CAR,KC,17,20,Sun,1:00,CAR,KC,-3
2016111306,2016,10,TB,CHI,36,10,Sun,1:00,CHI,TB,-2.5
2016111307,2016,10,TEN,GB,47,25,Sun,1:00,GB,TEN,-3
2016111308,2016,10,WAS,MIN,26,20,Sun,1:00,WAS,MIN,-2.5
2016111309,2016,10,SD,MIA,24,31,Sun,4:05,SD,MIA,-4.5
2016111310,2016,10,ARI,SF,23,20,Sun,4:25,ARI,SF,-14
2016111311,2016,10,PIT,DAL,30,35,Sun,4:25,PIT,DAL,-3
2016111312,2016,10,NE,SEA,24,31,Sun,8:30,NE,SEA,-7.5
2016111400,2016,10,NYG,CIN,21,20,Mon,8:30,NYG,CIN,0
2016111700,2016,11,CAR,NO,23,20,Thu,8:25,CAR,NO,-3.5
2016112001,2016,11,CLE,PIT,9,24,Sun,1:00,PIT,CLE,-8.5
2016112002,2016,11,DAL,BAL,27,17,Sun,1:00,DAL,BAL,-7
2016112003,2016,11,DET,JAX,26,19,Sun,1:00,DET,JAC,-5.5
2016112004,2016,11,IND,TEN,24,17,Sun,1:00,IND,TEN,-3
2016112000,2016,11,CIN,BUF,12,16,Sun,1:00,CIN,BUF,-2.5
2016112005,2016,11,KC,TB,17,19,Sun,1:00,KC,TB,-7
2016112006,2016,11,MIN,ARI,30,24,Sun,1:00,MIN,ARI,-2
2016112007,2016,11,NYG,CHI,22,16,Sun,1:00,NYG,CHI,-7
2016112008,2016,11,LA,MIA,10,14,Sun,4:05,MIA,LA,-1
2016112009,2016,11,SF,NE,17,30,Sun,4:25,NE,SF,-11.5
2016112010,2016,11,SEA,PHI,26,15,Sun,4:25,SEA,PHI,-6.5
2016112011,2016,11,WAS,GB,42,24,Sun,8:30,WAS,GB,-3
2016112100,2016,11,OAK,HOU,27,20,Mon,8:30,OAK,HOU,-6.5
2016112400,2016,12,DET,MIN,16,13,Thu,12:30,DET,MIN,-1.5
2016112401,2016,12,DAL,WAS,31,26,Thu,4:30,DAL,WAS,-6
2016112402,2016,12,IND,PIT,7,28,Thu,8:30,PIT,IND,-8
2016112703,2016,12,CHI,TEN,21,27,Sun,1:00,TEN,CHI,-6
2016112702,2016,12,BUF,JAX,28,21,Sun,1:00,BUF,JAC,-8.5
2016112701,2016,12,BAL,CIN,19,14,Sun,1:00,BAL,CIN,-3.5
2016112700,2016,12,ATL,ARI,38,19,Sun,1:00,ATL,ARI,-4
2016112704,2016,12,CLE,NYG,13,27,Sun,1:00,NYG,CLE,-6.5
2016112705,2016,12,HOU,SD,13,21,Sun,1:00,SD,HOU,-2.5
2016112706,2016,12,MIA,SF,31,24,Sun,1:00,MIA,SF,-7
2016112707,2016,12,NO,LA,49,21,Sun,1:00,NO,LA,-8
2016112708,2016,12,TB,SEA,14,5,Sun,4:05,SEA,TB,-5.5
2016112710,2016,12,OAK,CAR,35,32,Sun,4:25,OAK,CAR,-3.5
2016112711,2016,12,NYJ,NE,17,22,Sun,4:25,NE,NYJ,-9.5
2016112709,2016,12,DEN,KC,27,30,Sun,8:30,DEN,KC,-3.5
2016112800,2016,12,PHI,GB,13,27,Mon,8:30,PHI,GB,-4
2016120100,2016,13,MIN,DAL,15,17,Thu,8:25,DAL,MIN,-3
2016120400,2016,13,ATL,KC,28,29,Sun,1:00,ATL,KC,-5
2016120401,2016,13,BAL,MIA,38,6,Sun,1:00,BAL,MIA,-3.5
2016120402,2016,13,CHI,SF,26,6,Sun,1:00,SF,CHI,-1
2016120403,2016,13,CIN,PHI,32,14,Sun,1:00,CIN,PHI,-1.5
2016120404,2016,13,GB,HOU,21,13,Sun,1:00,GB,HOU,-7
2016120405,2016,13,JAX,DEN,10,20,Sun,1:00,DEN,JAC,-3.5
2016120406,2016,13,NE,LA,26,10,Sun,1:00,NE,LA,-13.5
2016120407,2016,13,NO,DET,13,28,Sun,1:00,NO,DET,-6.5
2016120408,2016,13,OAK,BUF,38,24,Sun,4:05,OAK,BUF,-3
2016120409,2016,13,ARI,WAS,31,23,Sun,4:25,ARI,WAS,-2.5
2016120410,2016,13,PIT,NYG,24,14,Sun,4:25,PIT,NYG,-6.5
2016120411,2016,13,SD,TB,21,28,Sun,4:25,SD,TB,-3.5
2016120412,2016,13,SEA,CAR,40,7,Sun,8:30,SEA,CAR,-8.5
2016120500,2016,13,NYJ,IND,10,41,Mon,8:30,NYJ,IND,-1
2016120800,2016,14,KC,OAK,21,13,Thu,8:25,KC,OAK,-3.5
2016121100,2016,14,BUF,PIT,20,27,Sun,1:00,PIT,BUF,-2
2016121101,2016,14,CAR,SD,28,16,Sun,1:00,CAR,SD,-1
2016121102,2016,14,CLE,CIN,10,23,Sun,1:00,CIN,CLE,-5
2016121103,2016,14,DET,CHI,20,17,Sun,1:00,DET,CHI,-7.5
2016121104,2016,14,IND,HOU,17,22,Sun,1:00,IND,HOU,-6.5
2016121105,2016,14,JAX,MIN,16,25,Sun,1:00,MIN,JAC,-3.5
2016121106,2016,14,MIA,ARI,26,23,Sun,1:00,ARI,MIA,-2
2016121107,2016,14,PHI,WAS,22,27,Sun,1:00,WAS,PHI,-2.5
2016121109,2016,14,TEN,DEN,13,10,Sun,1:00,TEN,DEN,-2
2016121110,2016,14,SF,NYJ,17,23,Sun,4:05,SF,NYJ,-3
2016121108,2016,14,TB,NO,16,11,Sun,4:25,TB,NO,-2
2016121111,2016,14,GB,SEA,38,10,Sun,4:25,SEA,GB,-3
2016121112,2016,14,LA,ATL,14,42,Sun,4:25,ATL,LA,-5
2016121113,2016,14,NYG,DAL,10,7,Sun,8:30,DAL,NYG,-3.5
2016121200,2016,14,NE,BAL,30,23,Mon,8:30,NE,BAL,-6
2016121500,2016,15,SEA,LA,24,3,Thu,8:25,SEA,LA,-15.5
2016121700,2016,15,NYJ,MIA,13,34,Sat,8:25,MIA,NYJ,-2.5
2016121802,2016,15,CHI,GB,27,30,Sun,1:00,GB,CHI,-4.5
2016121804,2016,15,HOU,JAX,21,20,Sun,1:00,HOU,JAC,-3.5
2016121801,2016,15,BUF,CLE,33,13,Sun,1:00,BUF,CLE,-10.5
2016121800,2016,15,BAL,PHI,27,26,Sun,1:00,BAL,PHI,-5
2016121805,2016,15,KC,TEN,17,19,Sun,1:00,KC,TEN,-6
2016121806,2016,15,MIN,IND,6,34,Sun,1:00,MIN,IND,-5
2016121807,2016,15,NYG,DET,17,6,Sun,1:00,NYG,DET,-4
2016121812,2016,15,CIN,PIT,20,24,Sun,1:00,PIT,CIN,-3
2016121808,2016,15,ARI,NO,41,48,Sun,4:05,ARI,NO,-3
2016121809,2016,15,ATL,SF,41,13,Sun,4:05,ATL,SF,-13.5
2016121810,2016,15,DEN,NE,3,16,Sun,4:25,NE,DEN,-3
2016121811,2016,15,SD,OAK,16,19,Sun,4:25,OAK,SD,-2.5
2016121803,2016,15,DAL,TB,26,20,Sun,8:30,DAL,TB,-7
2016121900,2016,15,WAS,CAR,15,26,Mon,8:30,WAS,CAR,-7
2016122200,2016,16,PHI,NYG,24,19,Thu,8:25,PHI,NYG,-1
2016122400,2016,16,BUF,MIA,31,34,Sat,1:00,BUF,MIA,-4.5
2016122401,2016,16,CAR,ATL,16,33,Sat,1:00,ATL,CAR,-3
2016122402,2016,16,CHI,WAS,21,41,Sat,1:00,WAS,CHI,-3
2016122403,2016,16,CLE,SD,20,17,Sat,1:00,SD,CLE,-4.5
2016122404,2016,16,GB,MIN,38,25,Sat,1:00,GB,MIN,-6.5
2016122405,2016,16,JAX,TEN,38,17,Sat,1:00,TEN,JAC,-4.5
2016122406,2016,16,NE,NYJ,41,3,Sat,1:00,NE,NYJ,-17
2016122408,2016,16,OAK,IND,33,25,Sat,4:05,OAK,IND,-3.5
2016122410,2016,16,SEA,ARI,31,34,Sat,4:25,SEA,ARI,-9
2016122407,2016,16,NO,TB,31,24,Sat,4:25,NO,TB,-3
2016122409,2016,16,LA,SF,21,22,Sat,4:25,LA,SF,-6
2016122411,2016,16,HOU,CIN,12,10,Sat,8:25,HOU,CIN,-3
2016122500,2016,16,PIT,BAL,31,27,Sun,4:30,PIT,BAL,-5.5
2016122501,2016,16,KC,DEN,33,10,Sun,8:30,KC,DEN,-3.5
2016122600,2016,16,DAL,DET,42,21,Mon,8:30,DAL,DET,-6.5
2017010103,2016,17,IND,JAX,24,20,Sun,1:00,IND,JAC,-5.5
2017010104,2016,17,MIA,NE,14,35,Sun,1:00,NE,MIA,-8
2017010105,2016,17,MIN,CHI,38,10,Sun,1:00,MIN,CHI,-6.5
2017010106,2016,17,NYJ,BUF,30,10,Sun,1:00,BUF,NYJ,-4
2017010107,2016,17,PHI,DAL,27,13,Sun,1:00,PHI,DAL,-6.5
2017010108,2016,17,PIT,CLE,27,24,Sun,1:00,PIT,CLE,-3.5
2017010109,2016,17,TB,CAR,17,16,Sun,1:00,TB,CAR,-3.5
2017010110,2016,17,TEN,HOU,24,17,Sun,1:00,TEN,HOU,-3
2017010101,2016,17,CIN,BAL,27,10,Sun,1:00,BAL,CIN,-2.5
2017010100,2016,17,ATL,NO,38,32,Sun,4:25,ATL,NO,-7.5
2017010115,2016,17,SF,SEA,23,25,Sun,4:25,SEA,SF,-11.5
2017010111,2016,17,WAS,NYG,10,19,Sun,4:25,WAS,NYG,-9
2017010112,2016,17,DEN,OAK,24,6,Sun,4:25,DEN,OAK,-1
2017010113,2016,17,LA,ARI,6,44,Sun,4:25,ARI,LA,-7
2017010114,2016,17,SD,KC,27,37,Sun,4:25,KC,SD,-6
2017010102,2016,17,DET,GB,24,31,Sun,8:30,GB,DET,-3.5
2017010700,2016,18,HOU,OAK,27,14,Sat,4:35,HOU,OAK,-4
2017010701,2016,18,SEA,DET,26,6,Sat,8:15,SEA,DET,-8.5
2017010800,2016,18,PIT,MIA,30,12,Sun,1:05,PIT,MIA,-11.5
2017010801,2016,18,GB,NYG,38,13,Sun,4:40,GB,NYG,-5
2017011400,2016,19,ATL,SEA,36,20,Sat,4:35,ATL,SEA,-6.5
2017011401,2016,19,NE,HOU,34,16,Sat,8:15,NE,HOU,-16.5
2017011501,2016,19,DAL,GB,31,34,Sun,4:40,DAL,GB,-5
2017011500,2016,19,KC,PIT,16,18,Sun,8:20,KC,PIT,-2
2017012200,2016,20,ATL,GB,44,21,Sun,3:05,ATL,GB,-6
2017012201,2016,20,NE,PIT,36,17,Sun,6:40,NE,PIT,-6
2017020500,2016,22,ATL,NE,28,34,Sun,6:30,NE,ATL,-3
2017090700,2017,1,NE,KC,27,42,Thu,8:30,NE,KC,-9
2017091000,2017,1,BUF,NYJ,21,12,Sun,1:00,BUF,NYJ,-7.5
2017091001,2017,1,CHI,ATL,17,23,Sun,1:00,ATL,CHI,-7
2017091002,2017,1,CIN,BAL,0,20,Sun,1:00,CIN,BAL,-3
2017091003,2017,1,CLE,PIT,18,21,Sun,1:00,PIT,CLE,-10
2017091004,2017,1,DET,ARI,35,23,Sun,1:00,ARI,DET,-2
2017091005,2017,1,HOU,JAX,7,29,Sun,1:00,HOU,JAC,-5.5
2017091007,2017,1,TEN,OAK,16,26,Sun,1:00,TEN,OAK,-2.5
2017091008,2017,1,WAS,PHI,17,30,Sun,1:00,PHI,WAS,-1
2017091009,2017,1,LA,IND,46,9,Sun,4:05,STL,IND,-3.5
2017091010,2017,1,GB,SEA,17,9,Sun,4:25,GB,SEA,-2.5
2017091011,2017,1,SF,CAR,3,23,Sun,4:25,CAR,SF,-4.5
2017091012,2017,1,DAL,NYG,19,3,Sun,8:30,DAL,NYG,-6
2017091100,2017,1,MIN,NO,29,19,Mon,7:10,MIN,NO,-3
2017091101,2017,1,DEN,LAC,24,21,Mon,10:20,DEN,SD,-3
2017091400,2017,2,CIN,HOU,9,13,Thu,8:25,CIN,HOU,-5.5
2017091700,2017,2,BAL,CLE,24,10,Sun,1:00,BAL,CLE,-7.5
2017091701,2017,2,CAR,BUF,9,3,Sun,1:00,CAR,BUF,-6.5
2017091702,2017,2,IND,ARI,13,16,Sun,1:00,ARI,IND,-7
2017091703,2017,2,JAX,TEN,16,37,Sun,1:00,TEN,JAC,-1.5
2017091704,2017,2,KC,PHI,27,20,Sun,1:00,KC,PHI,-4.5
2017091705,2017,2,NO,NE,20,36,Sun,1:00,NE,NO,-6
2017091706,2017,2,PIT,MIN,26,9,Sun,1:00,PIT,MIN,-8.5
2017091707,2017,2,TB,CHI,29,7,Sun,1:00,TB,CHI,-7
2017091708,2017,2,LAC,MIA,17,19,Sun,4:05,SD,MIA,-3.5
2017091709,2017,2,OAK,NYJ,45,20,Sun,4:05,OAK,NYJ,-14
2017091710,2017,2,DEN,DAL,42,17,Sun,4:25,DAL,DEN,-2.5
2017091711,2017,2,LA,WAS,20,27,Sun,4:25,STL,WAS,-3
2017091712,2017,2,SEA,SF,12,9,Sun,4:25,SEA,SF,-13.5
2017091713,2017,2,ATL,GB,34,23,Sun,8:30,ATL,GB,-3
2017091800,2017,2,NYG,DET,10,24,Mon,8:30,NYG,DET,-3
2017092100,2017,3,SF,LA,39,41,Thu,8:25,STL,SF,-3
2017092400,2017,3,JAX,BAL,44,7,Sun,9:30,BAL,JAC,-3
2017092401,2017,3,BUF,DEN,26,16,Sun,1:00,DEN,BUF,-3.5
2017092402,2017,3,CAR,NO,13,34,Sun,1:00,CAR,NO,-5
2017092403,2017,3,CHI,PIT,23,17,Sun,1:00,PIT,CHI,-7
2017092404,2017,3,DET,ATL,26,30,Sun,1:00,ATL,DET,-3
2017092405,2017,3,IND,CLE,31,28,Sun,1:00,CLE,IND,-1
2017092406,2017,3,MIN,TB,34,17,Sun,1:00,TB,MIN,-1
2017092407,2017,3,NE,HOU,36,33,Sun,1:00,NE,HOU,-13.5
2017092408,2017,3,NYJ,MIA,20,6,Sun,1:00,MIA,NYJ,-5.5
2017092409,2017,3,PHI,NYG,27,24,Sun,1:00,PHI,NYG,-5.5
2017092410,2017,3,TEN,SEA,33,27,Sun,4:05,TEN,SEA,-2
2017092411,2017,3,GB,CIN,27,24,Sun,4:25,GB,CIN,-7
2017092412,2017,3,LAC,KC,10,24,Sun,4:25,KC,SD,-3
2017092413,2017,3,WAS,OAK,27,10,Sun,8:30,OAK,WAS,-3.5
2017092500,2017,3,ARI,DAL,17,28,Mon,8:30,DAL,ARI,-3
2017092800,2017,4,GB,CHI,35,14,Thu,8:25,GB,CHI,-7.5
2017100100,2017,4,MIA,NO,0,20,Sun,9:30,NO,MIA,-4
2017100101,2017,4,ATL,BUF,17,23,Sun,1:00,ATL,BUF,-8.5
2017100102,2017,4,BAL,PIT,9,26,Sun,1:00,PIT,BAL,-3.5
2017100103,2017,4,CLE,CIN,7,31,Sun,1:00,CIN,CLE,-3
2017100104,2017,4,DAL,LA,30,35,Sun,1:00,DAL,STL,-5.5
2017100105,2017,4,HOU,TEN,57,14,Sun,1:00,TEN,HOU,-2.5
2017100106,2017,4,MIN,DET,7,14,Sun,1:00,MIN,DET,-2.5
2017100107,2017,4,NE,CAR,30,33,Sun,1:00,NE,CAR,-9.5
2017100108,2017,4,NYJ,JAX,23,20,Sun,1:00,JAC,NYJ,-4
2017100109,2017,4,ARI,SF,18,15,Sun,4:05,ARI,SF,-6.5
2017100110,2017,4,LAC,PHI,24,26,Sun,4:05,SD,PHI,-2
2017100111,2017,4,TB,NYG,25,23,Sun,4:05,TB,NYG,-2.5
2017100112,2017,4,DEN,OAK,16,10,Sun,4:25,DEN,OAK,-3.5
2017100113,2017,4,SEA,IND,46,18,Sun,8:30,SEA,IND,-12.5
2017100200,2017,4,KC,WAS,29,20,Mon,8:30,KC,WAS,-7
2017100500,2017,5,TB,NE,14,19,Thu,8:25,NE,TB,-4
2017100801,2017,5,CLE,NYJ,14,17,Sun,1:00,NYJ,CLE,-1.5
2017100802,2017,5,DET,CAR,24,27,Sun,1:00,DET,CAR,-2
2017100803,2017,5,IND,SF,26,23,Sun,1:00,IND,SF,-1.5
2017100804,2017,5,MIA,TEN,16,10,Sun,1:00,MIA,TEN,-1
2017100800,2017,5,CIN,BUF,20,16,Sun,1:00,CIN,BUF,-3
2017100805,2017,5,NYG,LAC,22,27,Sun,1:00,NYG,SD,-3
2017100806,2017,5,PHI,ARI,34,7,Sun,1:00,PHI,ARI,-6.5
2017100807,2017,5,PIT,JAX,9,30,Sun,1:00,PIT,JAC,-7.5
2017100808,2017,5,LA,SEA,10,16,Sun,4:05,STL,SEA,-2
2017100809,2017,5,OAK,BAL,17,30,Sun,4:05,OAK,BAL,-3
2017100810,2017,5,DAL,GB,31,35,Sun,4:25,DAL,GB,-2.5
2017100811,2017,5,HOU,KC,34,42,Sun,8:30,KC,HOU,-2
2017100900,2017,5,CHI,MIN,17,20,Mon,8:30,MIN,CHI,-3.5
2017101200,2017,6,CAR,PHI,23,28,Thu,8:25,CAR,PHI,-3
2017101501,2017,6,BAL,CHI,24,27,Sun,1:00,BAL,CHI,-5.5
2017101502,2017,6,HOU,CLE,33,17,Sun,1:00,HOU,CLE,-7.5
2017101503,2017,6,MIN,GB,23,10,Sun,1:00,GB,MIN,-3
2017101504,2017,6,NO,DET,52,38,Sun,1:00,NO,DET,-5.5
2017101500,2017,6,ATL,MIA,17,20,Sun,1:00,ATL,MIA,-13.5
2017101505,2017,6,NYJ,NE,17,24,Sun,1:00,NE,NYJ,-9.5
2017101506,2017,6,WAS,SF,26,24,Sun,1:00,WAS,SF,-11
2017101507,2017,6,ARI,TB,38,33,Sun,4:05,TB,ARI,-2.5
2017101508,2017,6,JAX,LA,17,27,Sun,4:05,JAC,STL,-1
2017101509,2017,6,KC,PIT,13,19,Sun,4:25,KC,PIT,-3.5
2017101510,2017,6,OAK,LAC,16,17,Sun,4:25,OAK,SD,-3
2017101511,2017,6,DEN,NYG,10,23,Sun,8:30,DEN,NYG,-13.5
2017101600,2017,6,TEN,IND,36,22,Mon,8:30,TEN,IND,-7
2017101900,2017,7,OAK,KC,31,30,Thu,8:25,,,
2017102200,2017,7,BUF,TB,30,27,Sun,1:00,,,
2017102201,2017,7,CHI,CAR,17,3,Sun,1:00,,,
2017102202,2017,7,CLE,TEN,9,12,Sun,1:00,,,
2017102203,2017,7,GB,NO,17,26,Sun,1:00,,,
2017102204,2017,7,IND,JAX,0,27,Sun,1:00,,,
2017102205,2017,7,LA,ARI,33,0,Sun,1:00,,,
2017102206,2017,7,MIA,NYJ,31,28,Sun,1:00,,,
2017102207,2017,7,MIN,BAL,24,16,Sun,1:00,,,
2017102209,2017,7,SF,DAL,10,40,Sun,4:05,,,
2017102208,2017,7,PIT,CIN,29,14,Sun,4:25,,,
2017102210,2017,7,LAC,DEN,21,0,Sun,4:25,,,
2017102211,2017,7,NYG,SEA,7,24,Sun,4:25,,,
2017102212,2017,7,NE,ATL,23,7,Sun,8:30,,,
2017102300,2017,7,PHI,WAS,34,24,Mon,8:30,,,
2017102600,2017,8,BAL,MIA,40,0,Thu,8:25,,,
2017102900,2017,8,CLE,MIN,16,33,Sun,9:30,,,
2017102901,2017,8,BUF,OAK,34,14,Sun,1:00,,,
2017102902,2017,8,CIN,IND,24,23,Sun,1:00,,,
2017102903,2017,8,NE,LAC,21,13,Sun,1:00,,,
2017102904,2017,8,NO,CHI,20,12,Sun,1:00,,,
2017102905,2017,8,NYJ,ATL,20,25,Sun,1:00,,,
2017102906,2017,8,PHI,SF,33,10,Sun,1:00,,,
2017102907,2017,8,TB,CAR,3,17,Sun,1:00,,,
2017102908,2017,8,SEA,HOU,41,38,Sun,4:05,,,
2017102909,2017,8,WAS,DAL,19,33,Sun,4:25,,,
2017102910,2017,8,DET,PIT,15,20,Sun,8:30,,,
2017103000,2017,8,KC,DEN,29,19,Mon,8:30,,,
2017110200,2017,9,NYJ,BUF,34,21,Thu,8:25,,,
2017110501,2017,9,HOU,IND,14,20,Sun,1:00,,,
2017110502,2017,9,JAX,CIN,23,7,Sun,1:00,,,
2017110503,2017,9,NO,TB,30,10,Sun,1:00,,,
2017110504,2017,9,NYG,LA,17,51,Sun,1:00,,,
2017110500,2017,9,CAR,ATL,20,17,Sun,1:00,,,
2017110505,2017,9,PHI,DEN,51,23,Sun,1:00,,,
2017110506,2017,9,TEN,BAL,23,20,Sun,1:00,,,
2017110507,2017,9,SF,ARI,10,20,Sun,4:05,,,
2017110508,2017,9,SEA,WAS,14,17,Sun,4:05,,,
2017110509,2017,9,DAL,KC,28,17,Sun,4:25,,,
2017110510,2017,9,MIA,OAK,24,27,Sun,8:30,,,
2017110600,2017,9,GB,DET,17,30,Mon,8:30,,,
2017110900,2017,10,ARI,SEA,,,Thu,8:25,,,
2017111201,2017,10,CHI,GB,,,Sun,1:00,,,
2017111202,2017,10,DET,CLE,,,Sun,1:00,,,
2017111203,2017,10,IND,PIT,,,Sun,1:00,,,
2017111204,2017,10,JAX,LAC,,,Sun,1:00,,,
2017111200,2017,10,BUF,NO,,,Sun,1:00,,,
2017111205,2017,10,TB,NYJ,,,Sun,1:00,,,
2017111206,2017,10,TEN,CIN,,,Sun,1:00,,,
2017111207,2017,10,WAS,MIN,,,Sun,1:00,,,
2017111208,2017,10,LA,HOU,,,Sun,4:05,,,
2017111209,2017,10,ATL,DAL,,,Sun,4:25,,,
2017111210,2017,10,SF,NYG,,,Sun,4:25,,,
2017111211,2017,10,DEN,NE,,,Sun,8:30,,,
2017111300,2017,10,CAR,MIA,,,Mon,8:30,,,
2017111600,2017,11,PIT,TEN,,,Thu,8:25,,,
2017111900,2017,11,CHI,DET,,,Sun,1:00,,,
2017111901,2017,11,CLE,JAX,,,Sun,1:00,,,
2017111902,2017,11,GB,BAL,,,Sun,1:00,,,
2017111903,2017,11,HOU,ARI,,,Sun,1:00,,,
2017111911,2017,11,MIA,TB,,,Sun,1:00,,,
2017111904,2017,11,MIN,LA,,,Sun,1:00,,,
2017111905,2017,11,NO,WAS,,,Sun,1:00,,,
2017111906,2017,11,NYG,KC,,,Sun,1:00,,,
2017111907,2017,11,LAC,BUF,,,Sun,4:05,,,
2017111908,2017,11,DEN,CIN,,,Sun,4:25,,,
2017111909,2017,11,OAK,NE,,,Sun,4:25,,,
2017111910,2017,11,DAL,PHI,,,Sun,8:30,,,
2017112000,2017,11,SEA,ATL,,,Mon,8:30,,,
2017112300,2017,12,DET,MIN,,,Thu,12:30,,,
2017112301,2017,12,DAL,LAC,,,Thu,4:30,,,
2017112302,2017,12,WAS,NYG,,,Thu,8:30,,,
2017112603,2017,12,KC,BUF,,,Sun,1:00,,,
2017112602,2017,12,IND,TEN,,,Sun,1:00,,,
2017112601,2017,12,CIN,CLE,,,Sun,1:00,,,
2017112600,2017,12,ATL,TB,,,Sun,1:00,,,
2017112604,2017,12,NE,MIA,,,Sun,1:00,,,
2017112605,2017,12,NYJ,CAR,,,Sun,1:00,,,
2017112606,2017,12,PHI,CHI,,,Sun,1:00,,,
2017112607,2017,12,LA,NO,,,Sun,4:05,,,
2017112608,2017,12,SF,SEA,,,Sun,4:05,,,
2017112609,2017,12,ARI,JAX,,,Sun,4:25,,,
2017112610,2017,12,OAK,DEN,,,Sun,4:25,,,
2017112611,2017,12,PIT,GB,,,Sun,8:30,,,
2017112700,2017,12,BAL,HOU,,,Mon,8:30,,,
2017113000,2017,13,DAL,WAS,,,Thu,8:25,,,
2017120300,2017,13,ATL,MIN,,,Sun,1:00,,,
2017120301,2017,13,BAL,DET,,,Sun,1:00,,,
2017120302,2017,13,BUF,NE,,,Sun,1:00,,,
2017120303,2017,13,CHI,SF,,,Sun,1:00,,,
2017120304,2017,13,GB,TB,,,Sun,1:00,,,
2017120305,2017,13,JAX,IND,,,Sun,1:00,,,
2017120306,2017,13,MIA,DEN,,,Sun,1:00,,,
2017120307,2017,13,NO,CAR,,,Sun,1:00,,,
2017120308,2017,13,NYJ,KC,,,Sun,1:00,,,
2017120309,2017,13,TEN,HOU,,,Sun,1:00,,,
2017120310,2017,13,LAC,CLE,,,Sun,4:05,,,
2017120311,2017,13,ARI,LA,,,Sun,4:25,,,
2017120312,2017,13,OAK,NYG,,,Sun,4:25,,,
2017120313,2017,13,SEA,PHI,,,Sun,8:30,,,
2017120400,2017,13,CIN,PIT,,,Mon,8:30,,,
2017120700,2017,14,ATL,NO,,,Thu,8:25,,,
2017121000,2017,14,BUF,IND,,,Sun,1:00,,,
2017121001,2017,14,CAR,MIN,,,Sun,1:00,,,
2017121002,2017,14,CIN,CHI,,,Sun,1:00,,,
2017121003,2017,14,CLE,GB,,,Sun,1:00,,,
2017121004,2017,14,HOU,SF,,,Sun,1:00,,,
2017121005,2017,14,JAX,SEA,,,Sun,1:00,,,
2017121006,2017,14,KC,OAK,,,Sun,1:00,,,
2017121007,2017,14,TB,DET,,,Sun,1:00,,,
2017121008,2017,14,ARI,TEN,,,Sun,4:05,,,
2017121009,2017,14,DEN,NYJ,,,Sun,4:05,,,
2017121010,2017,14,LAC,WAS,,,Sun,4:05,,,
2017121011,2017,14,LA,PHI,,,Sun,4:25,,,
2017121012,2017,14,NYG,DAL,,,Sun,4:25,,,
2017121013,2017,14,PIT,BAL,,,Sun,8:30,,,
2017121100,2017,14,MIA,NE,,,Mon,8:30,,,
2017121400,2017,15,IND,DEN,,,Thu,8:25,,,
2017121600,2017,15,DET,CHI,,,Sat,4:30,,,
2017121601,2017,15,KC,LAC,,,Sat,8:25,,,
2017121703,2017,15,JAX,HOU,,,Sun,1:00,,,
2017121702,2017,15,CLE,BAL,,,Sun,1:00,,,
2017121701,2017,15,CAR,GB,,,Sun,1:00,,,
2017121700,2017,15,BUF,MIA,,,Sun,1:00,,,
2017121704,2017,15,MIN,CIN,,,Sun,1:00,,,
2017121705,2017,15,NO,NYJ,,,Sun,1:00,,,
2017121706,2017,15,NYG,PHI,,,Sun,1:00,,,
2017121707,2017,15,WAS,ARI,,,Sun,1:00,,,
2017121708,2017,15,SEA,LA,,,Sun,4:05,,,
2017121709,2017,15,PIT,NE,,,Sun,4:25,,,
2017121710,2017,15,SF,TEN,,,Sun,4:25,,,
2017121711,2017,15,OAK,DAL,,,Sun,8:30,,,
2017121800,2017,15,TB,ATL,,,Mon,8:30,,,
2017122300,2017,16,BAL,IND,,,Sat,4:30,,,
2017122301,2017,16,GB,MIN,,,Sat,8:30,,,
2017122402,2017,16,CIN,DET,,,Sun,1:00,,,
2017122403,2017,16,KC,MIA,,,Sun,1:00,,,
2017122404,2017,16,NE,BUF,,,Sun,1:00,,,
2017122401,2017,16,CHI,CLE,,,Sun,1:00,,,
2017122400,2017,16,CAR,TB,,,Sun,1:00,,,
2017122405,2017,16,NO,ATL,,,Sun,1:00,,,
2017122406,2017,16,NYJ,LAC,,,Sun,1:00,,,
2017122407,2017,16,TEN,LA,,,Sun,1:00,,,
2017122408,2017,16,WAS,DEN,,,Sun,1:00,,,
2017122409,2017,16,SF,JAX,,,Sun,4:05,,,
2017122411,2017,16,DAL,SEA,,,Sun,4:25,,,
2017122410,2017,16,ARI,NYG,,,Sun,4:25,,,
2017122500,2017,16,HOU,PIT,,,Mon,4:30,,,
2017122501,2017,16,PHI,OAK,,,Mon,8:30,,,
2017123100,2017,17,ATL,CAR,,,Sun,1:00,,,
2017123102,2017,17,DET,GB,,,Sun,1:00,,,
2017123103,2017,17,IND,HOU,,,Sun,1:00,,,
2017123104,2017,17,MIA,BUF,,,Sun,1:00,,,
2017123105,2017,17,MIN,CHI,,,Sun,1:00,,,
2017123106,2017,17,NE,NYJ,,,Sun,1:00,,,
2017123107,2017,17,NYG,WAS,,,Sun,1:00,,,
2017123108,2017,17,PHI,DAL,,,Sun,1:00,,,
2017123109,2017,17,PIT,CLE,,,Sun,1:00,,,
2017123110,2017,17,TB,NO,,,Sun,1:00,,,
2017123111,2017,17,TEN,JAX,,,Sun,1:00,,,
2017123101,2017,17,BAL,CIN,,,Sun,1:00,,,
2017123115,2017,17,SEA,ARI,,,Sun,4:25,,,
2017123112,2017,17,DEN,KC,,,Sun,4:25,,,
2017123113,2017,17,LAC,OAK,,,Sun,4:25,,,
2017123114,2017,17,LA,SF,,,Sun,4:25,,,